crates on the surface of moon; remind me why i can't have you; beautiful moon and ugly soul; and i've never been this miserable before; a stain of sadness with the magnitude of a blackhole; it was easy to pretend love lasted forevermore; i was unable to unravel the mysteries surrounding you; and now my heart's froze; a crystal colour blue; tired and fuzzy; encompassed in mystifying hue; this feeling might be fickle; but i know its still true.
fought with blackholes and turned into one; starry nights were scary until i merged into one; Stardust burned my soul leaving me weary; Some orbs might be prussian but life's blues are more dreary; I stared in melancholy; my eyes real and teary; My tears crystallized - the glass cracking into eerie; Reflection of euphoria and forlorn tiredness; The shattering - The Screeching - The hoarse abruptness; Shreiking in the caves the visions so dark; the howls of haunting wolves; tearing me apart; Astray like the winds; the world's colorless disoriented pale - While in scream in the dark searching for answers in the hail.
me and dsven; draping in thousand cloaks; inflaming the anger are beady eyes; beaming ire and wrath; fed by wicked lies; dilatory to act; muscle dusted; his slender figure masked in disguise; callous and cold blooded; insensate to woeful cries; deflected meticulously at the intersection lay obsidian skies; clouded vision; clogged veins; enigmatic trance; assaultingly dark; defiled cheekbones; the countenance; he sally forth; menacingly and mercilessly; lay dead? another dilapidated; flecked soul lay dead; dwelling in fables and books of old; in the good part of hades hell.
inflaming the anger are beady eyes; beaming ire and wrath; fed by wicked lies; dilatory to act; muscle-dusted; his slender figure masked in disguise; callous and cold-blooded; insensate to woeful cries; deflected meticulously at the intersection lay obsidian skies; clouded vision; clogged veins; enigmatic trance; assaultingly dark; defiled cheekbones; the countenance; he sally forth; menacingly and mercilessly; another dilapidated; flecked soul; dwelling in fables and books of old; in the good part of hades hell.
A boy who is obsessed with the universe; Engulfing the milky way; living alone and astray; He sits by the lakeside with his pen between his fingers; Hoping the reflections of his moon weren't grey; Playing as the constellations sing lullabies; Crying and withering in winter's blankets on a summery day; A boy who is obsessed with the universe dies everyday; on a poet's grave.
Frozen in time; trapped in a snowglobe; I dream of holding your hands and I melt like the snowfalls; Trapped in the promise of will I ever be enough?; We're dead in this moment; we're together in this bluff; The tale's of grey skies at night and purple hopes in the day; We're dancing in the snowglobe; as the glass shatters away.
A little girl aged eight; with her dangling ponytails; Her mother left her at daycare; who cares about parenthood anyway; A pink coloured rabbit; with two corny looking eyes; She called him the moody bunny; and they played the whole night.
An abandoned bench in a countryside park; I'm home but oh how my heart flies afar; It's a speck of September; a month of crimson sunsets; We're whispering secrets as the sunshine hides in the closet; The wind is our music; the leaves our poetry; We walk on clouds gray and white; and we are finally free.
City of stars; Are you shining just for me? City of stars; There's so much that I can't see; Who knows if this is the start of something wonderful; Or one more dream I can't make true; City of stars; Don't u just get tired? City of stars; Aren't u done with being admired? There's so much sadness; and people find home in you; I wonder what will happen to them; if somehow; they get a taste of your underlying blue.
it's so sad—i paint my town red for u but u r so harsh—u think blues r the only hue; fought with blackholes and turned into one—starry nights were scary until i merged into one; scavenging for your signs at night—why did u make me such a rat?
Climbing these crimson mountains; skipping heartbeats at a glance; Scavenging for your signs at night; why did you make me such a rat? Counting in my sleep at night; dreaming with you; countless crimes; Life has been a threatening sin; ever since you couldn't be mine.
Scratching and scribbling on paper; being a target of calumny; Mocking and waiting for you to come home; wouldn't that be a calamity? Sighing and crying and weeping; pretending; suspecting this all along; A war widow screaming amidst her own blood; waiting to die all alone.
Yelling songs in wide daylight; screaming in my brain; Easy does it well; crazy goes the pain; Falling in the voids; crashing in the plain; Finding that scarce delight; weeping in abundant vain.
I never really saw you but I can't really deny; I have my own hurricanes; you have your sunflower smile; Finding splashes in the winds like paper boats in the rains; I hope I see you smiling; although I dream everyday.
Gujar jaate hain hai pal; kat jaati hai raatein; Bhar leetein hai mann; ho jaati hai baatein; Tootne ke kaagar par; dil se jude taar par; Ek sanjana mili; ek sanjana mili; ek sanjana mili.
The taste of sunsrise melting on my smile; Holding onto you like the rain falls and cries; Sitting by the sunset; remembering all those scenes; You were my pod honey; I'm the cocoa beans.
Stained glass; coloured brass; the smell of blackened; cinders; I found deserted winds lost cases but lost my priceless summers; Vintage vases; stolen silks; Nana's sculptures made of timber; I loved and lived my childhood but-- that's what I don't remember.
A distant crime; a quick shrill cry; The lamppost flickering in it's awry; A glistening knife; those ignorant smiles; No wonder brutal murders are a mystery.
I wandered in the hills; scurried through the crowds; I shattered the walls of chaos; chirped through deafening howls; I dived deep in the oceans; I echoed through the clouds; Death was never more louder; life was forevermore proud.
A thousand eyes burning holes in my skin; A million hands rising; choking me from within; Starting to escape; I'm alive; I'm the grave; My house is on fire but my heart is in the rain.
I sit by my windowsill; my pen keeping me company; The world is another standstill; my heart coloured mahogany; Watching the fireworks go off; drinking all my thoughts; A book and silk curtains as my friends; is that too much to ask?
Crowds might lead and mobs might go kill; Voices might die and betrayal might be thrill; But lips will speak up; injustice will be dishonored; My skin might be black but we all bleed the same color.
Called me heartsick and pushed me away; A thousand suns blind the eye; kill the wise leave you astray; You could've been mine but you never denied; Why leave me hanging with these beautiful sighs?
We were a mess; I was the one with sorrow; Sweet times ripening like the depth of a classic mango; We were children; but oh how dreams fly away; I guess I'll just have to savour your sweetness as a keepsake.
Serene landscapes; tall mountains; smiling faces; kangra tea; Welcome to Himachal; the land of undeniable spree; Where river deities bloom; water splashing around with jolts and blows; There's nothing more beautiful than the land of snow.
ज़िन्दगी से एक कशिश बाकी रह गई; सालों साल बीत गए एक तलक बाकी रह गई।; दिल तोड़ देना मेरा; मेरे लफ्ज़ चीन लेना; मेरे साथ जो किया वो किसी और के साथ ना करना।
Climbing moons; stealing glances and falling from stars; Filling galaxies in my pockets; staring down at the floors; Searching rainbows; stealing dreams; making myself crazy; Endless words to describe sophistication; guess I'm just lazy.
Oh God this is just plain atrocious; Nothing rhymes with supercalifragilisticexpialidocious; But if you ask me why; I guess I'm just gonna say; Hate you Mary Poppins; stop creating words for mere display!
The glass melts down; the thunder peeps in; Our stars don't shine; the light source is within; Dancing in a cracked snow globe; in the rain; Black clouds; wounded skins; love's a sword of vain.
So here's this guy; and he's obsessed with stars; the wonders of the universe; the passion between the scars; he dreams to fly; until he starts floating in the night sky; carried by the darkness; in the world deemed for light; he cries and screams; to try and fight; the demons; inside.
the light of day conquered; a stargazer's virtual dreams; nightingales sung vowels; sycamores loomed the cerulean sky; little creatures writhed neath the earth; hours turned to twilight's; the assemblage of stars; stickered to the roof of night; is never ill-shapen; there's always grace; and splendid delight; oh; what a beautiful world i live in.
a beautiful dawn seeped; into my virtual eyes; a chasm of swivelling bright; hues of vermillion fleeted; like a hurricane; in a brief moment; i witnessed the bliss of nirvana; a sun shining like a blazing torch; sending contagious colours; lighting the trees; the quays; the beasts; i subtly remember i as a kid; wandering lost in alike dreams.
winters arrive; and i feel; the need of you; carrying me bridal style; from the warm kisses up my neck; to the soft touches on my thighs; i call you in the moment; and; i feel you in the night; screaming to the universe; the symphonies we create; the hearts we break; and the love we make; i will never be ached; i will just call you mine.
i guess i will just daydream; the realm in which i; and you aren't alive; the world in which we; don't feel tongue tied; i guess i will just daydream; the face u make; when u will smile; my heart that you'll break; and my soul wide awake; i guess i will just daydream; the nights i feel cold; and you by my side; driving me insane; my body in disdain; i guess i will just daydream; the happiness left behind; and the dreams burnt alive.
in the blink of an eye; something sallied forth; from down the rabbit hole; it darted in a trice; and disappeared out of sight.
Moody Bunny; Moody Bunny; Why you gotta be so funny? Why you gotta be so rude? Why you gotta make me feel cute? Moody Bunny; Moody Bunny; Why don't you understand the fluffy? Why do you make me feel so glittery? stop throwing around the fitteries; Moody Bunny; Moody Bunny; I don't care about you at all; Maybe I am lying; Maybe I am not; But please don't leave me; Take me Home.
a speck of september; and i feel butterflies; driving me insane; calling out my name; a speck of september; and i feel free; hideously brave; boy of shame; just a little lame; not a bit sane; a speck of september; and i need you; maybe i am just; a pawn to your game; or maybe i am just; overtly insane.
a maelstrom of dust; ferment into subtle clouds; of cerulean and grey; between a blooming flower; and olive wings of a moth; as inspired symphony; restores cues in line; a stir of hurricane; sally forth from; silenced words and; settle in the sands; of september and arabia.
a part of me wants to; let go of the memories; a part of me wants to; light up the past; a part of me wants to; touch the blackened undress; a part of me wants to; let go of the dark; a part of me wants to; stay still and watch the crowd; a part of me wants to; run amok on the grass; a part of me wants to; get caged into solitude; a part of me wants to; befriend the sparkling stars; a part of me wants to; feast like there's no tomorrow; a part of me wants to; live in the hunger till my last; a part of me wants to; rekindle the melted candle; a part of me wants to; leave behind no spark; a part of me wants to; ride rainbows till the night sets in; a part of me wants to; grieve while the wounds are still green; a part of me wants to; love myself to the height of madness; a part of me wants to; be hated as it has forever been.
i am faultless; the flaw is in my heart; i thought i was just bleeding but you're tearing me apart; the sky has accepted; the stars are just cowards; my love might be delusional; at least i am happy with withering flowers; shivering; too tenuous to care; i feel so dysphoric; but i am burning; your words melting like wax on a candlestick; the dread encompassing my heart; i feel so forgotten; my hands icy cold; greiving; our story remains unwritten; hopelessly stuck in the middle of the void; we were dancing in the rain; i was dry with cowardice; boringly lackluster was the moon; time killed; time healed; i found love in my own doom; maybe i was just blind or there was a lack of chromatism in my eyes; i can't see the fireworks but i can hear the sparks fly.
here's to the ones who dream; foolish as they may seem; here's to the hearts that ache; here's to the mess we make.
My words are the sky; My pen is the companion cloud.My poems are my wings; Weaved with the dreams I hold.Preparing to fly in spring;I leap on the back of windAnd the sky with me sings.
This is for you; Mumma. For not standing by me; not being supportive in my poetic journey yet hugging me with love; everytime I please you with my words. And thanks for the noodles every Sunday evening.
This is for you; Papa. For giving me the joy of the life when you asked me what you wanna become in life; but immediately withdrawing that joy back by mocking at my wish. But I love you for listening to my plea atleast. Thank you for the love; and for the chocolate treats I receive everytime.
This is for you; Neelanjana; Jesmi; Ishita & Shubhangi. For being the biggest supporting elements of my life; my halo of inspiration which I wear proudly on my head; and for picking me up everytime I'm broke.
Lastly; this is for you; yes you. For believing that an amateur poet like me can bring a smile on your face or tantalize you by her poems. Thanks for everything.
A seed was planted with love and light; None could stop her; she growed with her might. Vandalizing her dreams came impositions unknown; I rendered my heart upon the braver grace shown. Life was what she desired; obdurate remorse was all lost. Going into the lottery of thoughts; On her way she laid her feet in areas of drought. Twinkling still; she never lost her light; Thinking thatvwhatever's lost; He will suffice. Living her ambitions; she shunned hatred lodged while Innumerable happiness; employ'd with ravenous rails prevailed. Etched on an epitaph still; will be an inscription so wry; Because Anvil Awaits; Awaits more impediments to fight..
Take a stroll down the past; And there will be an aura that'll last. Shadows that freak; At silhouettes that speak. As the night grows colder and obscene; Enough to run a chill down your spine; On the leaves you'll find dew-drops that sleep; And silhouettes oblique. The night takes a satanic outfit; And as the claustrophobia on the clouds sit; You'll find a laughter piercing the silence of the air; And those silhouettes with their flair. The encounter with darkness; The trepidated madness; The vigour of the wind that's bleak; And the silhouettes' mystique. The thrills inexperienced; The thunder beating upon the windows; The composure that drastically dwindled; And the ages immortal. Those silhouettes speak too long; But that's only to seize the time; And leave the dead only under the moon's inspection. Afterall; they aren't human creation.
A wonderland that falsifies;An uninterrupted famine.A place full of platinum patines;A fascination so divine.The fantasies unexplored;The fascism that higher soars.The generator of thoughts;The farrago of mocks.A golden gradient fountain;A ravenous graffiti.A grasping old orthodox;A groundless dignity.A wonderland that falsifies;The growth of guilt;An inculcation of evil;That echoes cheers jubilant.
Separatism works its magic here; Princely states don't follow any order sequential. Service is a word just so servile; That it can't afford primacy. Priceless is false pretence; Since this place is a paradise for opportunists. There's nothing I can claim which is mine; My presence is basically marginal. Don't worry though; politics is all Utopian Vandeville.
Those lights on the streets; That Glow yellow and flicker Remind me of the heap of poverty That's growing bigger. Those lights in the shops; That glow dim and bright Remind me of those poor children; Who're forced to work in plight. Those lights in small huts; All earthen and oil-laden; Remind me of the little happiness That in those huts isn't forgotten. Those lights in big houses; All glowing extraordinarily. Remind me of hatred that's bred in those houses; Growing seamlessly. Those lights of festive fervor; All sparkling and alluring; Remind me if the people starving still; While the rest are busy celebrating. Those lights of one's mind; All full of intelligence and power Remind me of the lights fusing in another one's mind; Due to harsh competition with the other.
Sometimes I think; Standing amongst the rusting red sand. Soaked in blood and guts between the time alike; When will I gain the things; That absolutely don't fear the defeat of times. You brought me some good; Then why did you take it away? You thought I'm dead? That's false pretence. Hence; you may curse me; you can. You brought me nowhere; But I thought I could meet you somewhere. I'm standing amidst my surreal dreams. And you may think I'm a fool And you may curse me; you can. I thought to find salvation in you. But you methink again I'm a fool. You brought me nowhere; But atleast I found you everywhere. Standing in front of my faded past. You may think I'm a loser. You may curse me; you can. When I penned down my thoughts; You again thought I was lost. You did not dare to see and feel; Mystic colours that were sprinkled on the dancing trees. You forced me to subdue; Those colours undue. You may think I'm nobody. You may curse me; you can. My heart lies in you; I know you knew; Still you left me to starve? Go! Rot amongst this filthy grass? No! Never! Am I a slave? Born to weep at your grave? No! Never! Adieu. I took to this ground not to weep; It has more glorious times waiting for me. Curse me if you can.
Little did I see; amongst the burden of worldly affairs There lies a small little closet Containing happiness I never adhered. Like showers of rain from the heaven above; They went only to those who were beloved. I didn't dare to open the closest What if it contained something weird? But everything that I could've desired; lay withal. Maybe my mind was at its opressive worst; But that closet I held close and dear. Life was an adrenaline rush And you could give yourself as many drifts as possible But the little halts that it'll provide you; will put all emotions rekindled. Pedestrians on a very busy street; May come to see your winning spree. Life is a journey of a thousand miles; You've to cover the distance while you're alive. Some may leave the journey midway; The dream of finishing will unfinished stay; Some may jostle in the journey as a competition; forgetting that their will never be resurrection. Those thousand miles cover stops unknown Places that'll help you soar; Small fragments of joy hidden somewhere and those speed-breakers everywhere. Some dreams you'll find demanding more; And people who left you and aren't present anymore. When you'll enter the last and the thousandth mile; A feeling may struck you hard at heart The moments you forgot to cherish; The dreams you forgot to live; Will be all that you'll feel; And then you'll witness the heavens' sheath.
I sat by the window and noticed; Little girls playing on the street. And little did they notice; That the surroundings had lost their spree. I sat by the window and saw; A young mother with her tot. The child's eyes did gleam; But the mother was lost in confound thoughts. I sat by the windowsill to see; A beggar laden with misery. But the bliss that pathetic solitude gave him; Was unrecognised by me. I sat by the window and sensed; The silence of a vendor helmed With sadness; plight and sweat; And his sick children he had left on his bed. I sat by the window and ventured; Out into the world of pedestrians. Each having a different experience to narrate; Each one's life being full of interesting blends. I sat by the window and lamented; Over the funny fate of priests. Who showed a single God in hundred temples; When I knew I could find Him inside me. I sat by the window and smiled; At the sight of a toy seller. And the smile that he painted on children's faces; Nevertheless; was what that he lacked himself. I sat by the window and thought; What reality to me had brought. The hidden truth was still unfound; It brought on my face a prolonged frown. And now whenever I sit by the windowsill; I think only of mirth; joy and goodwill. Because misery will always leave you shrewd. And you'll never be the same YOU.
I hear the footings of a man in mystic captivity; And the feverish fib of the fiendish. I hear the stray sounds of hollaing insanity; And the patines of platinum praying up to cherubins. Sweet souls do wander everyday in those woods; I see silhouettes everyday that keep my vision hooked. Soft stillness and sweet harmony; Everything I see finds it's mention under agonies and ironies. There's idiocy in those stars; Who ignite my mind like orbs. The illation is so severe; That it makes the fountain appear as tangling drops. Who bestowed this Halo of Hallucination ? So that a greater glory dims the less. Who's indulged in tell-tales? To make a good deed shine in a wicked presentation. The Halo shines and blows light away Shivers your night and darkens your day. Stay away from hallucination; You'll later whip yourself for your fate.
Struggling my way into the crowd; I have opposed all I thought couldn't stand out. I'm an outlaw; As some might speak; But my mind; I dunno why; Cares for all those who freak at me. Those shouts; pains and hatred around; I've ignored patiently. Just staggered on the ground. I've been kicked and bluffed; Mocked and thought ill off. I agree though that I'm a bit imposing and track-off. Rebels have to face that; And I'm one of those clans. There's a dream that burns in like forest fire; I wanna write and write to my heart's desire. But unless it's the will of someone else; I cannot lift my pen up; I'm helpless. Whom shall I think of? What shall I do? Whom to speak to? Are my works admired? Where to land my helpless feet? My pen demands endurance; But that's yet to come along. And I know I'll rebel one day; And my pen will break ALL LAWS.
Standing Stagnant on the beach one day; I saw the waves becoming as still as me. I was so lost in a claustrophobic condition; That I forgot to notice the wind whirling around me. There were two birds lost in springly talk; And the huge boulders gave them company. The sky seemed vast and huge; And somewhere in the horizon; I knew there was someone who knew was feeling the same I felt; But what unbeknownst to me. My composure broken into pieces; All I wanted to do is; Was to break this charming silence of the morning air; As it was unbearable for a teen; To witness these tornadoes with their flair. A broken oar lay by; Probably it was waiting for its boat; But whom was I waiting for? This thought gave me a boom; I waited for no destiny to arrive now; My own path was waiting for me.
She was lost in her past in dimly light; Wondering about the nasty stuffs she had to fight. Something was intriguing; Full of hatred; anger and confound. What it did all was; Bring on her face a frown. The barriers yet unbroken; The tears not yet soaked; The chains she was tied up with; She wished if it all could go. She knew she was worthy; Of something known as pride. But unfortunately she couldn't; Bring it up with all might. A spark of hope was what she needed; And she knew then that her fate will never go receded. Courage was what that created magic; Enchanting her dreams; cherishing her desires. And today she stands; All independent and uprising. She's no longer lost; Because she knows; There's someone who loves her most; And that's herself.
Knowledge makes a person realise; The storehouse of potential inside; This storehouse is called by all As the mighty 'talent' that lies withal. Knowledge gives a person the ability; To use his intelligence as a tool of divinity. The person rises high in esteem And when he's called a 'genius' his eyes gleam. You jump into the fires of perfection; Splash about in the pool of unlimited wit. Yet you know you won't be able to take everything in But that's what you call a mere twist. Talent becomes rare to find; But talented people are plenty You need to just find one inside you; And that'll raise the bar high with dainty. Hardworking people are genius; they say But don't they have a bit of ego? they may. This results in success stories that could've been written; But failed to become masters of the day. Sad to state; Talent is always understated Though the true wonders that talent can produce; Will make opportunities and virtues your best mate. Mammoth achievements that are recognised by all; Is the final result after the making of every prodigy. Whether you're talented or a genius; It totally lies under your surety.
This isn't the place! You're never going to stay You're never going to win anything; Everything lies just in an isolated state. And hence the world won't lie at your footsteps Those steps of success you'll never create. There's nothing you can do I presume As you're worthless; intolerant and full of darkness. But you aren't allowed to speak; Though you may shout your heart out And you'll never win anything; I know that Because amidst of all lies the unbelievable streak. The meeky things that were never before revealed. Your past has been obscene and obscure Hence; you can demand for nothing more. You'll have to stay and rust in these times forlorn This isn't going to get better; I'm sure.
In a world so stern; A place so bereft; There's no space left for; Me and my thoughts. I witness unwanted desires being bestowed upon; I curse my hand for their painful excavation of joy; Blessings promising false elevations And my desires creeping upon inspirations. Survival of the fittest Is what you may call it; But what the heart longs to speak Is not that actually fits the bill. Jostling their way into the crowd; The world merely jumps and skitters about You hardly get time to breathe While bloody glances stare at you throughout. Penances are obvious; And so are frowns. Nothin' was taken care of; But memories were drowned. I ran and ran towards the mighty doors of justice But they were closed permanently; Now only my thoughts are left; After they exhausted me mercilessly.
There was a talk propagating far and wide; A girl flew with her wings; aiming high. What made the girl rebel so loud? No men could stop her; all strong and stout! She carefully weaved her wings in the starlight Escaping all who did everything to tear her apart With dreams in her eyes; And desperate words in her hands She flew to write and express; All that was contained in her might. Her heart bespoke only words; with thoughts And her mind echoed sorrow. But she knew her woven wings; Will take her desires Up amongst the stars. And will shine brightly tomorrow.
On little swings on those trees they do sing and laugh Beautiful smiles with innocence like the night's stars. Their dance; their love; their words; their talks; That's what little children are like; always beloved. The mind is full of questions; The heart is full of desires Riding quaint toy trains; Whirling around trees in plains They patiently wait for the world to visit them. No rules to follow; Only memories to cherish. The magnificent mountains; Those rhyming valleys. Propagating some little joys; Diminishing some painful sorrows; That's what benevolent kids do; Apart from making your heart a bit more warmer. Such is sweet little childhood; And so are the wondrous children; Who're happy with their smiles; no jobs. Who're sparkling with their flourishing dreams; no clogs.
They tore apart briskly; Never to return. Little did they remember; Memories that had gone so stern. One of them looked upon his back; But couldn't rearrange those broken stacks. Both were helpless; what could've they done? But destiny had planned for pain to be shunned. The powers shone brightly that bond two hearts together; Brought them back what was once theirs altogether Clashes; egos; jealousy and spite; Couldn't stand out and were wiped. But there will always be a light scintillating in their hearts; Reminding them of a tearful lesson; why they tore apart.
Trapped; a word so understated; For a fleet of birds demanding independence. Trapped; a word so silent; For a world that is so male dominated. Trapped; lie those enchanting valleys; With the terror of blood stained faces and guns. Trapped; are those golden dreams; Whose spoken words are always shunned. Trapped are those leaders; With power but no proxy; Trapped; is the golden crown With royalty but no authority. Trapped; one word for millennials And for life's manifestations unknown. Trapped; a work for confusion dark and dreary; And for the people who never face venials. Trapped; am I? Amidst this pool of unconventional wonders? The world is moving in its prolonged way; And you'll 'have' to go on trapped ventures.
I looked through the great ebony windowsill And witnessed rain running its way with its will. Sparking raindrops with their shine; Made me witness; a view so divine. Have little stars adorned the crystal glass? Or are they pearls; sparkling and high gross? Don't they cry because they left their home? Don't they wail; because there's nobody they know. I wandered about in the world of those raindrops; Everything so vibrant; with the extravagance on its top. They seemed to be delighted in my home though; But; why were they dripping down the windowpanes so slow! What if; they were little glitter specks or flakes ? They would whirl around me and we could've played! Endless imaginations in me do splatter; Watching this mesmerizing pitter and patter.
No more in me dreams did flutter; Over my mind were thoughts I didn't utter. Merely did I speak; merely do I laugh; because. Once I faced tyrannies that still last. Rarely was I allowed to wander-walk; while Each vein in my body cried against bullies that stalked. Breaking past free was my ultimate mission; Unleashing my real identity and soul. Lie will they; amongst deadly graves. Lavishly savouring the final judgement for God's sake. You'll die inside if you don't oppose them now; like I taught them what backing off is about. Nobody can stop me; now I'm free. Groups of free birds sing—No More Bullying.
Look above; high towards those vibrant skies; What mysteries do you find there? Nothing but the sun with its flare! No love; there's more in its might; Beyond the earth's corona; There are majestic whites that shine. What are they though? I just can't recall; Are they made of cotton balls? Or dandelions that puff and blast? No dearest; they're called clouds. Giving you a push everyday to rise up from miseries shrewd or staunch. Look at them! They're smiling like pretty faces; Sometimes they form shapes; Or play games and leave no traces. Cotton balls? Ha! Yes; they seem to be But if you reach nearest to their height in life; They'll seem sweeter than a cotton candy.
She sat for a while in prolonged thoughts; Witnessing the fact that she had burdens; actually a lot. Inconveniences surrounded her like tribals do around a penelope; She decided to flutter away far; with some hope. On her way to eternity she was bluffed; What she thought was salvation was not that others intended. Her void of fear; respect and dignity; Was crushed and torn apart mercilessly. She had nowhere to run from her very 'own' race None to rely on; she'd better make haste. And every single glance terrified her within The earlier scars were better; she couldn't help this thought persist. She ran back towards her past; But it never accepts those who're lost in their present And in her present did she die. Taking her burden up away with her demise.
I tried to face a delusion of agony myself; But my conscience found it to be peculiar. I got up to find myself rotting amongst thorns echoing pain And I tumbled down. Others wanted to witness me dying; So I walked down a malicious path Just because I was lost after a scary past. I couldn't help but tumble down. Injured; exaggerated and bereft; I looked for salvation around. Needless to say; only tyrannies were found. Yet again; I tripped and tumbled down. I soared higher and higher dissolving into the stars; Mistakenly I looked down at my past scars Unfortunately I tumbled down again.
With tears dripping down her ruby red cheeks; A girl of four waited by the side of the road. I asked her with an unaltered smile; so sly What happened young sweet rose? Why are you in such a fright! She was scared as was indicated by her hazel eyes; I'm lost! My mom isn't coming to find! I let out my hand; deciding to help; My Dad shouted out loud from behind; Dan Hurry up! We're getting late as hell! Someone else will come and take you; I said and left. Next morn; came some nasty news from times forlorn; A girl aged four was found in a pit anticipating for long. Her blonde hair were loose with blood on her neck and thighs; Clothes were miserably torn; Yeah; She had gone up high. Do you think humans should forgive themselves for such a grave mistake? The answer is in the hands of anticipation And hope it never comes in such a ripped state.
I'll wait for the day when; Love will precede false loveliness. I'll wait for the day when; Exaggerated pain will suffice stony heartlessness. I'll wait for the day when; Young girls will receive the dignity they deserve. I'll wait for the day when; There will not be even a dram of mercy for wretches reserved. I'll wait for the day when; Quiteness of spirit will subdue fury. I'll wait for the day when; An obdurate's envious reach will no longer be scary. I'll wait for the day when; Malice will act strange with its demonstration of guilt. I'll wait for the day when; Pitying glances will melt away hearts of flint. I'll wait for the day when; Lodged hate to discriminate Wil rest in peace. I'll wait for the time when; Gusts of hell will be even more bleak. I'll wait for the time when; Guns will be free; I'll wait for the day when; They'll excuse the outpouring of cruelty.
They call me an inexecrable wretch; But they forget that wretches bleed blood too. Courteous conduct is what that is demanded; But they don't know what my impediments have long commanded. My hands; my head; my heart; Pay the forfeiture of my fleshy sins. Reverend people; never reached the skies; With their malice and ambition that was all white. 'Tis true; upright and justified; You may shred my bones with all your might; But most heartedly I do beseech; For the intent and purpose of the law; hear my plee. Spare me from this lingering penance; Your beloved people trapped me in it by chance.
I wandered in my dreams; my thoughts And thought of all that sadness had brought. The anger burnt inside like hell; But I could do nothing to bring it out; well. The flickers of freedom; the sparkles of light; Was all that I thought of of and wished to die. There were vague shadows of fear; of hatred; of doubt. Who did nothing but only frowned. The shadows grabbed my hollow void of fear; That lead to twists and turns and painful jeers. All was black just like those shadows; No care; only sorrows. There was no one to wipe those drops that trickled down the cheeks; Nor anyone whom I could have spoken to with glee. My mind was rusted; heart was broken. Eyes were dried up;trust was bewildered. My throat desired to scream and shout; Everything sucked; just like a drought. Times have changed And so have we. Still we have voids to do; With the plight of dreams.
Diamantes; Crystal; Alluring; Sparkling; Cutting; Shining; A reflection so bright; Mining; Drilling; Exploring; Black; Amorphous; Coal.
Unraveled misery. Wind's bleak; Drunken rivalry. Tantalizing qualmy. Dejection's streak; Defiance's zany. Mutilated reality. Restraint break; Chaotically bloody. Dwindled drastically Aspiration's meek Shining brightly.
It's never beauty in the eyes of the beholder; It's enough to cast an intimidating spell. It's woven by the mermaids sitting on a boulder; And yet the stars never recognise it's depth. It's like those dreams you'd like to shoulder; It's something that echoes from your heart; It's everything that's desired by The Lucifer; And it's my meraki that in me does dwell. Yet this shouldn't misconceive the reader.
Notoriety Stubborn; Nosey Overdoing; Overaving; Palling Beauty comes with notoriety Sparkling; Scintillating; Smiling Alluring; Quirky Beauty.
Draconian times I did witness; Unfolding the drapery of my mind. Searching in nothing except the hollow of stress. Effaced off my heart memories I find; Never witnessed still; a view so divine. As if larks from paradise have descended beside ravines. Times are not always pristine; Demonstrating their effect of commands dominant They never ask you to visit a place clandestine. Standing on the brink of this juncture stringent; I've witnessed the dollop of clatters; And the caterwaul of devasted catapult. Never mess with it; it'll leave you in shatters.
Gazing at the ocean; Mermaids came out of the water; And dreams vanished. -> |A miserable attempt at making something for anvi.||It's your birthday today so.|| Couldn't find time to make something big enough || Pardon my foolishness; if any |.
Breezes echoed silence; Enough to scatter my mild thoughts Effacing in light.
I was A cynicist Full of disrupted zany Etched with undesired qualmy Now I'm A bowl brimful of desires Totally inexecrable The purgatory of woe Yet glee.
A neutral world; Its extravagance sold; Is what we get without colours. They reflect your mood And stand for specifications too. That's what they're for; colours. The rainbows are wretched; The playgrounds are drenched; All without; colours. Every speck created by Him; And the pink-cheeked children playing on swings Are nothing without; colours. Your gold-flecked dreams; The endurance you receive; Is nothing without; colours. Colours of your heart; The colours of your mind; Are all very different Which in each person you'll find. Carve out your true colours; Bring them out if you can. Because it'll gift you a new level of thinking; And you'll never step again on the stairs of sand.
Witnessing Infinity From a distance; My ambitions blindly stared; At defiance Standing Parallel.
Cherubins signalled me To follow and frolic with them Yet equanimity was equitable; Hence I'll never return. Dulcet sounds ruin me; my life Highlighting treacherous dungeons Panting as bad as a doggerel; I'll never return. The concretion of trust; Shattered with complicit Claiming clairvoyance; I'll never return. Violence and claustrophobia choke; The cheer of chauvinism. Regretting the truth; I'll never return. A Marquise dominates massacres; While I stand still To suffice this eventually; I'll never return. Excuses overperformed prodigality; Evil executed truth. Effacing my way away; I'll never return.
I was sitting sad as a hawk; In despair; sadness and distress. Everything shunned beneath my feet; All I could feel was the burning heat. I began to die in melancholy And withered inside my heart's tree. Pessimism made me crawly; While others never cared to free me. Nobody realised I need their love; Nobody dared to pick me up. Their was obscene darkness around; I tried to shout my grief out aloud. There came a sparkle in my life Born with trust and respect alike. A seed planted with all its might; Aiming evolutionary high. A seed of trust springing high; A seed with spree dancing with delight. A seed of happiness ready to grow; A seed of prosperity without a flaw. Nurtured by me with love and support; Today it stands all golden and old. Nobody can ever harm its shine. Reeminding me of its coerce and smile. Making me relish the wine of life; Leaves of love with the trunk of times; My talisman My friendship.
Mirror Misapprehension Misdirection Multifaceted Mystique Modern monosyllabic Mirror. -> bhai which form of poem is this 😭️.
A doll mourns; In the corner Of silence Echoing in her heart. A doll smiles; At the world From which She's ready to depart. A doll screams; At the demons Who mercilessly Took away her mirth. A doll jeers; In her captivity At other dolls Who never oppose. A doll dies; Every night While you're sleeping Amidst the petals of a rose.
It never matters; If you touch a spindle And fall into deep sleep. You'll wake up soon; To prick yourself again.
It never matters; If you eat a mystical apple And fall into the trap of death. No one will ever arrive; To revive you again.
It never matters; If you demanded a rose And end up in a castle so bose. You'll be shattered enough; Not to live; yet love again.
It never matters; If you toil hard whole day And receive nothing but bleak stares. You'll not find a godmother; And any magical wand divine.
It never matters; If you lose your voice To come out of the deep. You'll have to return back; To betray your choice.
It never matters; If you love someone else But evil and vice steal you away. You'll wish for an enchanted rescue; And the wish will unfulfilled stay.
It never matters; If you aren't allowed to see And endure the world's lovely ecstasy. You've got magic in your hair & heart. Enough to become the queen bee.
Standing on the walls of Troy; Troilus waved at the Greeks in despair; Yet Cressida never returned to light up his day. The mystical night displayed its entice; echoing vice. Thisbe fled away from a lion in horror; Leaving behind; her cloak and Pyramus so broke. They entreated their souls to heaven And the mystical night with memories awoke. Holding in her hand a willow; Dido walked on the seashore of life. Aeneas never returned; narrowing his heart. That is when the mystical nights explained their strife. Exploring vast forests and trenches; Jason found salvation in Medea. They won the golden fleece after searching for long And the mystical night sailed the win; into the sea.